{
  "loss": [
    3.090576191743215,
    3.135156144698461,
    2.7267929315567017,
    2.2441439429918923,
    1.3828672369321187,
    1.7401484648386638,
    1.544941281278928,
    1.5923258637388547,
    1.1927600502967834,
    1.032205601533254
  ],
  "effect_loss": [
    3.0855669379234314,
    3.1301415463288627,
    2.7217747569084167,
    2.239109436670939,
    1.3778222302595775,
    1.7350852290789287,
    1.5398543775081635,
    1.5872198815147083,
    1.1876446704069774,
    1.0270768428842227
  ],
  "sparsity_loss": [
    0.5009320477644602,
    0.5014549990495046,
    0.5018145044644674,
    0.5034486850102743,
    0.5045022070407867,
    0.5063229501247406,
    0.5086943010489146,
    0.5105991065502167,
    0.51153631011645,
    0.5128758251667023
  ],
  "margin": [
    -2.6998606522878013,
    -2.8376402854919434,
    -2.33061412970225,
    -1.544409732023875,
    -0.6514179706573486,
    -1.1300740242004395,
    -0.6546011765797933,
    -0.6632285515467325,
    0.004385530948638916,
    0.3089904983838399
  ],
  "keep_rate": [
    0.5016477704048157,
    0.5012567043304443,
    0.5029718279838562,
    0.5039036870002747,
    0.5053687691688538,
    0.5076858997344971,
    0.5099754333496094,
    0.5111767649650574,
    0.5122150778770447,
    0.5136716961860657
  ]
}
